YYYYMMDD,HH,DD,FH,FF,FX,T,T10N,TD,SQ,Q,DR,RH,P,VV,N,U,WW,IX,M,R,O
20240301,1,170,60,60,100,99,,82,0,0,0,0,9993,70,8,89,,5,0,0,0
20240301,2,180,60,60,90,100,,82,0,0,0,0,9988,70,8,88,,5,0,0,0
20240301,3,300,80,60,140,62,,51,0,0,7,2,9998,63,8,93,57.0,7,0,1,0
20240301,4,270,50,40,90,64,,49,0,0,0,-1,10008,70,8,90,23.0,7,0,1,0
20240301,5,260,40,30,80,54,,45,0,0,0,-1,10012,65,5,93,22.0,7,0,1,0
20240301,6,210,30,30,40,43,23.0,32,0,0,0,0,10018,65,0,92,1.0,7,0,0,0
20240301,7,200,40,40,60,51,,37,0,2,0,0,10020,65,4,91,,5,0,0,0
20240301,8,180,40,50,70,63,,44,7,34,0,0,10017,70,0,87,,5,0,0,0
20240301,9,170,60,60,100,67,,44,3,57,0,0,10015,70,7,84,,5,0,0,0
20240301,10,170,70,60,120,72,,46,2,66,0,0,10011,70,7,83,,5,0,0,0
20240301,11,160,80,80,120,79,,39,7,128,0,0,9999,75,8,75,,5,0,0,0
20240301,12,160,90,100,140,87,28.0,35,5,127,0,0,9990,80,8,69,,5,0,0,0
20240301,13,170,90,80,150,84,,32,1,35,0,-1,9988,79,8,69,51.0,7,0,1,0
20240301,14,180,80,70,160,83,,38,0,31,7,2,9988,75,8,73,81.0,7,0,1,0
20240301,15,170,80,70,130,87,,41,0,26,0,-1,9985,75,8,72,23.0,7,0,1,0
20240301,16,210,70,60,130,64,,40,0,8,1,5,9992,70,8,84,81.0,7,0,1,0
20240301,17,160,50,40,100,67,,49,3,15,3,2,9990,70,8,88,81.0,7,0,1,0
20240301,18,160,40,30,70,68,56.0,50,0,2,0,-1,9992,70,8,88,23.0,7,0,1,0
20240301,19,140,50,50,80,68,,53,0,0,4,5,9987,63,8,90,81.0,7,0,1,0
20240301,20,110,40,40,60,64,,55,0,0,3,1,9979,65,8,93,23.0,7,0,1,0
20240301,21,140,50,60,80,77,,50,0,0,0,-1,9968,70,8,82,22.0,7,0,1,0
20240301,22,140,70,60,110,86,,45,0,0,0,0,9961,75,8,75,,5,0,0,0
20240301,23,130,70,80,110,82,,40,0,0,0,-1,9955,75,8,74,81.0,7,0,1,0
20240301,24,190,80,80,150,66,58.0,47,0,0,9,7,9970,70,8,87,81.0,7,0,1,0
20240302,1,180,60,50,100,62,,45,0,0,10,6,9974,70,8,88,57.0,7,0,1,0
20240302,2,180,50,60,80,59,,40,0,0,0,-1,9976,70,8,87,23.0,7,0,1,0
20240302,3,170,50,60,100,64,,42,0,0,0,0,9977,70,8,86,2.0,7,0,0,0
20240302,4,180,60,60,90,65,,40,0,0,0,0,9979,70,8,84,,5,0,0,0
20240302,5,170,60,50,100,61,,35,0,0,0,0,9984,70,6,83,,5,0,0,0
20240302,6,150,40,50,70,59,50.0,37,0,0,0,0,9986,70,7,85,3.0,7,0,0,0
20240302,7,150,50,60,80,62,,34,0,2,0,0,9990,70,8,82,,5,0,0,0
20240302,8,160,60,60,100,64,,34,0,18,0,0,9995,70,7,81,,5,0,0,0
20240302,9,160,70,80,110,76,,39,10,93,0,0,9995,75,1,77,,5,0,0,0
20240302,10,160,70,70,110,87,,38,10,140,0,0,9998,75,0,71,,5,0,0,0
20240302,11,160,70,70,110,98,,37,10,176,0,0,9995,80,2,65,,5,0,0,0
20240302,12,160,70,70,110,107,48.0,26,8,164,0,0,9992,79,8,57,,5,0,0,0
20240302,13,160,80,80,130,105,,31,9,155,0,0,9987,83,6,60,,5,0,0,0
20240302,14,140,70,60,120,113,,41,4,110,0,0,9982,82,8,61,,5,0,0,0
20240302,15,140,70,70,100,115,,44,4,76,0,0,9979,83,8,61,,5,0,0,0
20240302,16,130,60,60,90,114,,47,0,32,0,0,9975,82,8,63,,5,0,0,0
20240302,17,120,40,30,90,108,,50,0,7,0,0,9974,80,8,67,,5,0,0,0
20240302,18,140,30,30,50,103,91.0,60,0,0,0,-1,9977,75,8,74,81.0,7,0,1,0
20240302,19,140,40,50,80,110,,52,0,0,0,-1,9977,80,8,67,23.0,7,0,1,0
20240302,20,130,50,30,70,97,,54,0,0,0,-1,9975,75,8,74,23.0,7,0,1,0
20240302,21,130,40,50,70,107,,57,0,0,0,0,9972,75,8,71,2.0,7,0,0,0
20240302,22,130,50,50,90,105,,56,0,0,0,0,9974,75,8,71,,5,0,0,0
20240302,23,150,60,50,100,106,,57,0,0,0,0,9975,75,8,71,,5,0,0,0
20240302,24,140,50,50,80,104,84.0,58,0,0,0,0,9976,75,8,72,2.0,7,0,0,0
20240303,1,130,50,40,70,105,,58,0,0,0,0,9976,75,8,72,,5,0,0,0
20240303,2,190,40,20,70,85,,53,0,0,0,0,9978,75,7,80,,5,0,0,0
20240303,3,10,20,10,40,70,,59,0,0,0,-1,9980,65,8,92,51.0,7,0,1,0
20240303,4,0,0,0,10,67,,59,0,0,0,-1,9981,61,8,94,23.0,7,0,1,0
20240303,5,140,10,10,20,62,,56,0,0,0,0,9985,62,8,96,,5,0,0,0
20240303,6,160,10,10,20,66,45.0,62,0,0,0,0,9992,65,8,97,2.0,7,0,0,0
20240303,7,130,20,20,20,79,,59,0,2,0,-1,9999,70,8,87,51.0,7,0,1,0
20240303,8,110,20,20,40,86,,63,0,9,0,-1,10000,70,8,85,22.0,7,0,1,0
20240303,9,140,20,20,40,95,,66,0,37,0,0,10006,70,8,81,2.0,7,0,0,0
20240303,10,120,20,20,40,108,,69,3,70,0,0,10004,74,8,76,,5,0,0,0
20240303,11,120,30,20,40,113,,75,0,52,0,0,10009,75,8,77,,5,0,0,0
20240303,12,100,20,20,30,128,60.0,80,2,71,0,0,10008,75,8,72,2.0,7,0,0,0
20240303,13,150,30,40,60,135,,79,7,152,0,0,10011,80,8,68,,5,0,0,0
20240303,14,190,30,20,50,146,,80,5,117,0,0,10014,80,8,64,,5,0,0,0
20240303,15,280,30,50,60,107,,69,9,102,0,0,10022,75,8,77,,5,0,0,0
20240303,16,300,30,30,50,97,,69,0,41,0,0,10029,70,8,83,,5,0,0,0
20240303,17,300,30,30,50,89,,72,0,12,0,0,10034,70,8,89,,5,0,0,0
20240303,18,300,50,60,90,82,81.0,71,0,1,0,0,10048,62,8,92,,5,0,0,0
20240303,19,320,50,50,100,79,,68,0,0,0,0,10053,65,8,92,,5,0,0,0
20240303,20,300,40,50,70,78,,64,0,0,0,0,10061,70,8,90,,5,0,0,0
20240303,21,310,40,50,70,77,,62,0,0,0,0,10067,70,8,90,,5,0,0,0
20240303,22,310,50,50,80,77,,60,0,0,0,0,10071,70,8,88,,5,0,0,0
20240303,23,290,50,60,80,76,,59,0,0,0,0,10077,70,8,89,,5,0,0,0
20240303,24,300,50,60,90,75,72.0,57,0,0,0,0,10082,70,8,88,,5,0,0,0
20240304,1,300,50,50,100,73,,51,0,0,0,0,10086,70,8,85,,5,0,0,0
20240304,2,320,50,50,90,71,,44,0,0,0,0,10091,70,8,83,,5,0,0,0
20240304,3,330,40,40,70,69,,44,0,0,0,0,10095,70,8,84,,5,0,0,0
20240304,4,310,30,20,60,63,,41,0,0,0,0,10102,70,8,85,,5,0,0,0
20240304,5,320,20,20,40,66,,38,0,0,0,0,10106,70,8,82,,5,0,0,0
20240304,6,310,20,20,40,64,55.0,41,0,0,0,0,10109,70,8,85,,5,0,0,0
20240304,7,300,10,10,20,60,,44,0,2,0,0,10114,70,8,89,,5,0,0,0
20240304,8,0,10,0,20,69,,53,0,16,0,0,10120,70,8,89,,5,0,0,0
20240304,9,300,0,10,20,76,,42,0,27,0,0,10123,75,8,79,,5,0,0,0
20240304,10,300,10,10,30,85,,37,0,69,0,0,10124,75,8,71,,5,0,0,0
20240304,11,280,20,30,50,91,,41,9,148,0,0,10124,75,8,70,,5,0,0,0
20240304,12,280,20,20,40,100,52.0,32,8,165,0,0,10124,80,5,62,,5,0,0,0
20240304,13,280,30,40,50,103,,20,10,196,0,0,10124,80,0,56,,5,0,0,0
20240304,14,340,30,30,60,103,,28,10,176,0,0,10121,81,1,59,,5,0,0,0
20240304,15,340,30,20,50,104,,19,10,138,0,0,10120,82,7,55,,5,0,0,0
20240304,16,330,20,30,40,90,,21,10,76,0,0,10120,82,8,61,,5,0,0,0
20240304,17,340,20,20,30,64,,25,7,21,0,0,10121,75,8,75,,5,0,0,0
20240304,18,10,20,10,20,50,24.0,23,0,1,0,0,10123,70,8,82,,5,0,0,0
20240304,19,40,10,10,20,41,,27,0,0,0,0,10124,70,8,90,,5,0,0,0
20240304,20,80,20,20,30,48,,22,0,0,0,0,10125,70,8,83,,5,0,0,0
20240304,21,90,20,30,40,49,,31,0,0,0,0,10126,70,8,87,,5,0,0,0
20240304,22,80,20,20,30,49,,34,0,0,0,0,10125,70,1,90,,5,0,0,0
20240304,23,90,20,20,40,44,,31,0,0,0,0,10126,65,3,91,,5,0,0,0
20240304,24,100,20,20,40,42,-3.0,31,0,0,0,0,10127,65,8,92,,5,0,0,0
20240305,1,110,20,20,30,34,,26,0,0,0,0,10126,58,8,94,10.0,7,0,0,0
20240305,2,100,30,30,40,39,,33,0,0,0,0,10123,57,8,95,10.0,7,0,0,0
20240305,3,100,20,20,40,39,,31,0,0,0,0,10122,56,8,94,10.0,7,0,0,0
20240305,4,100,10,10,40,40,,36,0,0,0,0,10123,47,8,97,10.0,7,0,0,0
20240305,5,110,10,10,20,46,,41,0,0,0,0,10125,49,8,96,10.0,7,0,0,0
20240305,6,90,10,20,30,49,-8.0,41,0,0,0,0,10125,43,8,94,10.0,7,0,0,0
20240305,7,120,20,10,30,55,,49,0,1,0,0,10128,40,8,95,10.0,7,0,0,0
20240305,8,90,20,30,40,59,,48,0,5,0,-1,10131,37,8,92,51.0,7,0,1,0
20240305,9,90,20,20,50,61,,54,0,9,9,1,10135,31,8,95,58.0,7,0,1,0
20240305,10,110,20,20,30,67,,60,0,21,4,1,10138,32,8,95,61.0,7,0,1,0
20240305,11,170,20,20,30,73,,63,0,35,0,-1,10141,36,8,93,51.0,7,0,1,0
20240305,12,180,20,20,40,84,40.0,61,0,62,0,-1,10142,57,8,85,22.0,7,0,1,0
20240305,13,220,10,10,30,85,,56,0,43,6,1,10144,60,8,81,57.0,7,0,1,0
20240305,14,260,10,20,20,90,,54,0,56,0,-1,10146,64,8,78,23.0,7,0,1,0
20240305,15,220,20,20,30,87,,48,0,51,0,-1,10148,72,8,76,23.0,7,0,1,0
20240305,16,350,10,20,30,82,,57,0,38,0,-1,10151,69,8,84,81.0,7,0,1,0
20240305,17,360,20,10,20,77,,58,7,21,0,-1,10155,65,8,87,23.0,7,0,1,0
20240305,18,360,10,10,10,70,63.0,54,0,2,0,0,10161,65,8,89,2.0,7,0,0,0
20240305,19,0,10,0,20,64,,51,0,0,0,0,10164,65,8,91,,5,0,0,0
20240305,20,60,10,10,10,68,,50,0,0,0,0,10165,63,8,88,,5,0,0,0
20240305,21,60,10,20,20,70,,54,0,0,0,0,10169,56,8,89,10.0,7,0,0,0
20240305,22,50,10,10,20,68,,56,0,0,0,0,10170,50,8,91,10.0,7,0,0,0
20240305,23,80,20,20,20,65,,55,0,0,0,0,10175,50,8,93,10.0,7,0,0,0
20240305,24,100,10,10,20,57,39.0,47,0,0,0,0,10176,56,8,93,10.0,7,0,0,0
20240306,1,80,10,10,20,61,,52,0,0,0,0,10181,56,8,94,10.0,7,0,0,0
20240306,2,100,10,10,10,62,,54,0,0,0,0,10184,50,8,94,10.0,7,0,0,0
20240306,3,120,20,20,30,59,,51,0,0,0,0,10186,48,8,94,10.0,7,0,0,0
20240306,4,110,10,20,20,60,,53,0,0,0,0,10188,37,8,95,10.0,7,0,0,0
20240306,5,130,10,10,20,58,,51,0,0,0,0,10192,41,8,95,10.0,7,0,0,0
20240306,6,150,20,10,30,44,23.0,39,0,0,0,0,10198,11,1,97,10.0,7,0,0,0
20240306,7,130,10,10,20,47,,45,2,8,0,0,10207,12,8,98,20.0,7,1,0,0
20240306,8,150,20,20,30,49,,46,7,39,0,0,10215,6,8,98,34.0,7,1,0,0
20240306,9,140,20,30,30,65,,56,5,71,0,0,10220,48,8,94,20.0,7,1,0,0
20240306,10,150,20,20,40,90,,67,10,144,0,0,10225,58,0,85,10.0,7,0,0,0
20240306,11,140,30,40,60,102,,66,10,179,0,0,10229,67,0,78,,5,0,0,0
20240306,12,160,40,20,60,117,12.0,62,10,195,0,0,10231,76,1,68,3.0,7,0,0,0
20240306,13,160,30,30,60,121,,54,10,207,0,0,10233,75,1,63,,5,0,0,0
20240306,14,320,20,40,40,95,,69,5,100,0,0,10235,57,1,83,10.0,7,0,0,0
20240306,15,330,30,30,50,87,,69,0,44,0,0,10239,50,2,88,10.0,7,0,0,0
20240306,16,330,30,30,40,99,,72,7,67,0,0,10239,58,1,83,10.0,7,0,0,0
20240306,17,310,20,20,30,82,,60,2,14,0,0,10243,58,0,86,10.0,7,0,0,0
20240306,18,0,0,0,20,64,30.0,53,0,2,0,0,10248,50,0,92,10.0,7,0,0,0
20240306,19,40,10,10,20,50,,46,0,0,0,0,10254,42,0,97,10.0,7,0,0,0
20240306,20,80,30,30,50,78,,50,0,0,0,0,10256,61,0,82,,5,0,0,0
20240306,21,80,40,40,60,68,,45,0,0,0,0,10258,59,0,85,10.0,7,0,0,0
20240306,22,90,40,40,50,64,,44,0,0,0,0,10261,58,0,86,10.0,7,0,0,0
20240306,23,80,30,30,50,57,,40,0,0,0,0,10262,57,0,88,10.0,7,0,0,0
20240306,24,90,30,30,50,54,13.0,39,0,0,0,0,10262,56,0,90,10.0,7,0,0,0
20240307,1,80,30,30,40,47,,35,0,0,0,0,10262,50,0,91,10.0,7,0,0,0
20240307,2,70,30,30,40,46,,35,0,0,0,0,10260,46,2,92,10.0,7,0,0,0
20240307,3,70,30,30,40,44,,34,0,0,0,0,10257,39,3,93,10.0,7,0,0,0
20240307,4,70,30,40,60,45,,33,0,0,0,0,10253,43,1,91,10.0,7,0,0,0
20240307,5,80,30,40,50,47,,33,0,0,0,0,10252,50,7,90,10.0,7,0,0,0
20240307,6,80,40,40,70,42,26.0,27,0,0,0,0,10251,50,0,89,10.0,7,0,0,0
20240307,7,80,40,40,60,44,,27,3,7,0,0,10250,56,0,88,10.0,7,0,0,0
20240307,8,70,40,40,60,53,,31,10,44,0,0,10250,56,0,85,10.0,7,0,0,0
20240307,9,70,40,40,70,65,,37,10,96,0,0,10248,59,0,82,10.0,7,0,0,0
20240307,10,80,60,60,100,73,,34,10,144,0,0,10246,63,0,76,,5,0,0,0
20240307,11,80,70,70,110,81,,28,10,177,0,0,10242,73,0,69,,5,0,0,0
20240307,12,100,60,70,100,88,30.0,19,10,198,0,0,10233,70,3,62,,5,0,0,0
20240307,13,100,70,70,110,92,,17,9,173,0,0,10223,72,4,59,,5,0,0,0
20240307,14,120,80,70,120,93,,24,10,176,0,0,10218,72,0,61,,5,0,0,0
20240307,15,80,60,70,110,91,,25,5,97,0,0,10211,73,8,63,,5,0,0,0
20240307,16,80,70,70,110,83,,32,0,30,0,0,10206,69,8,70,,5,0,0,0
20240307,17,80,70,60,110,74,,30,5,14,0,0,10203,72,6,73,,5,0,0,0
20240307,18,70,60,60,110,63,54.0,24,0,3,0,0,10203,69,0,76,,5,0,0,0
20240307,19,70,60,60,100,58,,26,0,0,0,0,10202,64,6,79,,5,0,0,0
20240307,20,80,60,60,100,51,,20,0,0,0,0,10201,61,1,79,,5,0,0,0
20240307,21,80,60,60,110,46,,19,0,0,0,0,10199,60,0,82,,5,0,0,0
20240307,22,80,60,60,110,41,,18,0,0,0,0,10196,60,0,85,,5,0,0,0
20240307,23,80,60,60,100,36,,15,0,0,0,0,10191,59,0,86,10.0,7,0,0,0
20240307,24,80,60,50,90,32,23.0,11,0,0,0,0,10186,59,0,85,10.0,7,0,0,0
20240308,1,80,50,50,80,29,,6,0,0,0,0,10181,60,0,84,,5,0,0,0
20240308,2,80,50,50,70,24,,1,0,0,0,0,10174,60,0,84,,5,0,0,0
20240308,3,80,50,40,70,21,,-3,0,0,0,0,10167,60,0,84,,5,0,0,0
20240308,4,80,40,50,70,15,,-8,0,0,0,0,10161,60,0,84,,5,0,0,0
20240308,5,90,50,50,70,13,,-12,0,0,0,0,10157,60,0,82,,5,0,0,0
20240308,6,90,50,40,70,11,-4.0,-16,0,0,0,0,10153,60,0,82,,5,0,0,0
20240308,7,90,50,50,70,14,,-15,3,8,0,0,10149,61,0,80,,5,0,0,0
20240308,8,80,50,50,80,26,,-10,10,48,0,0,10146,62,0,77,,5,0,0,0
20240308,9,90,50,50,80,43,,-3,10,100,0,0,10139,64,0,72,,5,0,0,0
20240308,10,90,60,60,90,60,,5,10,150,0,0,10129,65,0,67,,5,0,0,0
20240308,11,90,70,70,110,75,,11,10,183,0,0,10118,68,0,63,,5,0,0,0
20240308,12,90,80,80,120,85,-1.0,15,10,203,0,0,10106,69,0,61,,5,0,0,0
20240308,13,110,90,110,140,95,,11,10,200,0,0,10099,71,0,56,,5,0,0,0
20240308,14,110,100,90,150,97,,11,10,173,0,0,10091,68,0,55,,5,0,0,0
20240308,15,100,90,90,140,95,,11,10,135,0,0,10080,69,0,55,,5,0,0,0
20240308,16,100,90,80,140,93,,10,10,89,0,0,10074,71,0,56,,5,0,0,0
20240308,17,100,70,60,130,87,,8,10,40,0,0,10071,72,0,57,,5,0,0,0
20240308,18,90,60,60,100,76,58.0,7,0,4,0,0,10071,71,0,61,,5,0,0,0
20240308,19,90,60,70,100,67,,4,0,0,0,0,10067,69,0,64,,5,0,0,0
20240308,20,90,60,50,100,63,,3,0,0,0,0,10065,67,0,65,,5,0,0,0
20240308,21,90,50,40,80,55,,4,0,0,0,0,10062,65,0,69,,5,0,0,0
20240308,22,90,40,40,60,50,,4,0,0,0,0,10057,64,0,72,,5,0,0,0
20240308,23,100,50,50,70,49,,4,0,0,0,0,10052,64,0,72,,5,0,0,0
20240308,24,110,50,50,80,47,30.0,4,0,0,0,0,10047,63,1,74,,5,0,0,0
20240309,1,110,50,50,80,42,,5,0,0,0,0,10044,61,1,77,,5,0,0,0
20240309,2,110,50,50,80,38,,5,0,0,0,0,10037,60,0,79,,5,0,0,0
20240309,3,110,60,60,80,40,,8,0,0,0,0,10029,60,8,79,,5,0,0,0
20240309,4,110,60,50,80,42,,10,0,0,0,0,10029,60,8,79,,5,0,0,0
20240309,5,110,50,50,80,40,,10,0,0,0,0,10024,59,8,80,10.0,7,0,0,0
20240309,6,100,50,50,80,43,25.0,11,0,0,0,0,10020,60,8,79,,5,0,0,0
20240309,7,110,50,50,70,46,,13,0,6,0,0,10022,60,8,79,,5,0,0,0
20240309,8,100,50,50,80,50,,19,0,18,0,0,10020,61,8,80,,5,0,0,0
20240309,9,110,60,60,90,69,,28,5,70,0,0,10015,62,8,74,,5,0,0,0
20240309,10,110,60,50,90,94,,44,10,145,0,0,10012,65,3,70,,5,0,0,0
20240309,11,100,60,70,90,106,,49,10,173,0,0,10006,70,0,67,,5,0,0,0
20240309,12,110,60,60,90,120,37.0,58,4,129,0,0,10000,67,5,66,,5,0,0,0
20240309,13,110,60,60,100,119,,53,5,137,0,0,9992,68,7,64,,5,0,0,0
20240309,14,100,70,70,110,121,,53,4,119,0,0,9988,69,8,63,,5,0,0,0
20240309,15,110,70,70,110,131,,51,7,118,0,0,9986,72,8,58,,5,0,0,0
20240309,16,110,70,70,130,119,,48,3,60,0,0,9982,76,8,61,,5,0,0,0
20240309,17,110,60,60,100,114,,49,2,18,0,0,9982,72,8,64,,5,0,0,0
20240309,18,90,50,40,80,110,98.0,50,0,2,0,0,9987,73,8,66,,5,0,0,0
20240309,19,90,50,50,80,106,,46,0,0,0,0,9984,70,8,66,,5,0,0,0
20240309,20,80,50,60,90,99,,43,0,0,0,0,9982,68,8,68,,5,0,0,0
20240309,21,100,60,60,90,100,,37,0,0,0,0,9983,70,8,65,,5,0,0,0
20240309,22,100,60,60,90,93,,34,0,0,0,0,9982,70,8,66,,5,0,0,0
20240309,23,100,50,40,90,91,,35,0,0,0,0,9982,71,8,67,,5,0,0,0
20240309,24,100,40,40,70,89,80.0,34,0,0,0,0,9985,70,8,68,,5,0,0,0
20240310,1,70,40,50,70,82,,30,0,0,0,0,9978,69,8,69,,5,0,0,0
20240310,2,70,50,50,80,81,,28,0,0,0,0,9973,69,8,69,,5,0,0,0
20240310,3,80,50,50,80,77,,29,0,0,0,0,9971,68,8,71,,5,0,0,0
20240310,4,70,50,50,80,74,,30,0,0,0,0,9966,65,8,74,,5,0,0,0
20240310,5,70,50,50,80,71,,31,0,0,0,0,9965,64,8,76,,5,0,0,0
20240310,6,80,50,50,90,64,57.0,29,0,0,0,0,9964,63,8,78,,5,0,0,0
20240310,7,80,50,50,70,63,,27,0,6,0,0,9966,63,8,78,,5,0,0,0
20240310,8,80,50,50,80,68,,28,0,27,0,0,9968,63,8,75,,5,0,0,0
20240310,9,70,60,60,90,74,,31,0,30,0,0,9964,66,8,73,,5,0,0,0
20240310,10,80,60,50,90,85,,36,0,43,0,0,9964,68,8,71,,5,0,0,0
20240310,11,80,50,50,80,94,,45,0,56,0,0,9964,69,8,71,,5,0,0,0
20240310,12,70,30,30,60,102,54.0,46,0,39,0,0,9967,70,8,68,,5,0,0,0
20240310,13,50,30,40,60,112,,51,0,64,0,0,9963,69,8,66,,5,0,0,0
20240310,14,50,40,50,70,114,,52,0,74,0,0,9960,68,8,65,,5,0,0,0
20240310,15,50,50,60,80,114,,56,0,55,0,0,9956,64,8,67,,5,0,0,0
20240310,16,70,50,40,70,113,,57,0,42,0,0,9960,64,8,68,,5,0,0,0
20240310,17,70,50,40,80,110,,56,5,22,0,0,9964,64,8,69,,5,0,0,0
20240310,18,70,40,40,60,101,90.0,54,0,3,0,0,9970,64,8,72,,5,0,0,0
20240310,19,80,40,40,60,99,,51,0,0,0,0,9974,64,8,72,,5,0,0,0
20240310,20,80,40,50,70,93,,50,0,0,0,0,9975,64,8,74,,5,0,0,0
20240310,21,80,40,40,70,91,,49,0,0,0,0,9979,63,8,75,,5,0,0,0
20240310,22,80,30,30,60,85,,50,0,0,0,0,9981,62,8,78,,5,0,0,0
20240310,23,70,20,20,50,83,,51,0,0,0,0,9982,62,8,80,,5,0,0,0
20240310,24,60,20,30,40,82,70.0,52,0,0,0,0,9983,61,8,81,,5,0,0,0
20240311,1,60,20,20,40,80,,52,0,0,0,0,9986,61,8,82,,5,0,0,0
20240311,2,10,10,10,20,63,,46,0,0,0,0,9987,59,8,89,10.0,7,0,0,0
20240311,3,40,10,10,20,58,,48,0,0,0,0,9986,57,8,93,10.0,7,0,0,0
20240311,4,30,20,10,30,70,,51,0,0,0,0,9989,58,8,87,10.0,7,0,0,0
20240311,5,30,20,20,40,71,,53,0,0,0,0,9989,57,8,88,10.0,7,0,0,0
20240311,6,50,20,20,40,68,44.0,53,0,0,0,0,9994,56,8,90,10.0,7,0,0,0
20240311,7,40,20,20,30,69,,54,0,3,0,0,10001,56,7,89,10.0,7,0,0,0
20240311,8,50,20,10,40,72,,57,0,14,0,0,10005,56,8,90,10.0,7,0,0,0
20240311,9,50,20,20,30,74,,62,0,21,6,1,10012,41,8,92,52.0,7,0,1,0
20240311,10,360,20,20,30,76,,67,0,30,9,3,10017,33,8,93,52.0,7,0,1,0
20240311,11,10,30,20,40,80,,70,0,31,7,2,10022,45,8,93,81.0,7,0,1,0
20240311,12,350,30,30,40,83,62.0,71,0,49,10,5,10025,48,8,92,61.0,7,0,1,0
20240311,13,350,30,30,40,81,,68,0,59,7,2,10028,46,8,91,51.0,7,0,1,0
20240311,14,350,40,40,50,75,,61,0,30,0,-1,10034,56,8,91,57.0,7,0,1,0
20240311,15,340,30,20,40,74,,62,0,22,8,3,10039,50,8,92,62.0,7,0,1,0
20240311,16,340,30,20,40,72,,63,0,17,9,5,10046,50,8,93,51.0,7,0,1,0
20240311,17,320,30,30,40,70,,62,0,4,0,-1,10052,50,8,94,23.0,7,0,1,0
20240311,18,320,30,20,40,70,68.0,61,0,0,0,-1,10061,50,8,93,81.0,7,0,1,0
20240311,19,310,20,30,40,69,,60,0,0,9,11,10065,41,8,94,58.0,7,0,1,0
20240311,20,310,30,30,50,71,,64,0,0,3,1,10071,40,8,95,51.0,7,0,1,0
20240311,21,320,30,30,50,73,,63,0,0,0,-1,10080,50,8,93,22.0,7,0,1,0
20240311,22,320,40,40,60,72,,64,0,0,3,1,10085,28,8,94,23.0,7,0,1,0
20240311,23,310,40,30,60,72,,66,0,0,0,0,10090,34,8,95,10.0,7,0,0,0
20240311,24,300,30,40,50,74,67.0,64,0,0,0,-1,10096,48,8,93,51.0,7,0,1,0
20240312,1,290,40,40,60,74,,61,0,0,0,-1,10102,56,8,91,81.0,7,0,1,0
20240312,2,280,40,40,60,71,,60,0,0,6,9,10107,47,8,92,82.0,7,0,1,0
20240312,3,290,50,40,70,71,,57,0,0,4,4,10110,57,8,90,81.0,7,0,1,0
20240312,4,290,40,40,80,70,,55,0,0,0,-1,10112,57,8,90,23.0,7,0,1,0
20240312,5,290,50,40,70,71,,55,0,0,0,0,10120,58,8,89,10.0,7,0,0,0
20240312,6,280,40,30,60,72,66.0,56,0,0,0,-1,10126,58,8,89,81.0,7,0,1,0
20240312,7,250,40,40,70,69,,58,0,1,0,-1,10130,56,8,92,23.0,7,0,1,0
20240312,8,250,40,40,60,72,,55,0,4,0,0,10135,60,8,89,,5,0,0,0
20240312,9,250,30,30,50,81,,57,0,22,0,0,10137,63,8,84,2.0,7,0,0,0
20240312,10,230,40,40,60,88,,52,0,50,0,0,10139,62,8,78,,5,0,0,0
20240312,11,210,50,40,80,98,,58,3,121,0,0,10137,62,8,75,,5,0,0,0
20240312,12,210,50,50,90,105,67.0,61,3,137,0,0,10134,60,8,74,2.0,7,0,0,0
20240312,13,200,60,50,90,103,,62,2,109,0,0,10131,58,8,75,4.0,7,0,0,0
20240312,14,180,50,50,80,99,,64,0,35,0,0,10128,58,8,78,4.0,7,0,0,0
20240312,15,190,50,60,80,100,,70,0,20,0,0,10125,59,8,81,10.0,7,0,0,0
20240312,16,190,60,60,90,96,,74,0,26,0,-1,10123,60,8,86,81.0,7,0,1,0
20240312,17,170,50,50,80,92,,79,0,15,8,2,10117,59,8,91,52.0,7,0,1,0
20240312,18,160,40,30,70,90,88.0,81,2,3,9,5,10119,44,8,94,58.0,7,0,1,0
20240312,19,150,40,40,60,88,,83,0,0,10,8,10117,21,8,96,53.0,7,0,1,0
20240312,20,150,40,40,60,88,,83,0,0,8,1,10118,19,8,96,22.0,7,0,1,0
20240312,21,160,40,40,60,89,,85,0,0,10,6,10116,24,8,97,81.0,7,0,1,0
20240312,22,170,30,30,50,91,,88,0,0,10,6,10118,24,8,98,53.0,7,0,1,0
20240312,23,170,20,30,50,94,,91,0,0,9,6,10119,23,8,98,58.0,7,0,1,0
20240312,24,240,30,50,90,109,87.0,102,0,0,1,1,10119,58,8,95,23.0,7,0,1,0
20240313,1,240,50,50,90,109,,101,0,0,0,0,10122,56,8,95,10.0,7,0,0,0
20240313,2,240,60,50,100,109,,101,0,0,6,2,10123,57,8,94,23.0,7,0,1,0
20240313,3,250,60,70,110,107,,98,0,0,0,0,10123,59,8,94,10.0,7,0,0,0
20240313,4,250,60,60,100,108,,97,0,0,0,0,10125,58,8,93,10.0,7,0,0,0
20240313,5,240,50,50,90,110,,97,0,0,0,0,10126,65,8,91,,5,0,0,0
20240313,6,230,50,50,90,108,103.0,95,0,0,0,0,10129,64,8,91,2.0,7,0,0,0
20240313,7,210,50,50,70,105,,95,0,4,0,0,10131,60,8,92,,5,0,0,0
20240313,8,230,50,60,80,111,,97,0,27,0,0,10135,63,8,90,,5,0,0,0
20240313,9,230,60,60,90,115,,98,0,48,0,0,10139,66,8,89,,5,0,0,0
20240313,10,230,60,60,100,118,,101,0,46,0,0,10142,66,8,89,,5,0,0,0
20240313,11,230,60,60,100,117,,89,0,68,0,0,10144,70,8,82,,5,0,0,0
20240313,12,240,70,70,120,114,102.0,90,0,50,0,0,10145,62,8,85,,5,0,0,0
20240313,13,240,70,90,130,114,,88,0,43,0,0,10145,70,8,84,,5,0,0,0
20240313,14,240,80,90,150,120,,84,0,47,0,0,10143,75,8,78,,5,0,0,0
20240313,15,240,80,70,140,125,,83,6,92,0,0,10141,75,8,75,,5,0,0,0
20240313,16,230,90,80,150,122,,85,1,45,0,0,10141,75,8,78,,5,0,0,0
20240313,17,230,80,80,140,119,,83,0,11,0,0,10140,75,8,78,,5,0,0,0
20240313,18,230,80,80,120,118,110.0,80,0,2,0,0,10141,75,8,77,,5,0,0,0
20240313,19,210,70,60,130,117,,81,0,0,0,0,10141,75,8,78,,5,0,0,0
20240313,20,210,50,50,100,116,,81,0,0,0,0,10141,75,8,78,,5,0,0,0
20240313,21,210,50,60,80,117,,78,0,0,0,0,10138,75,8,77,,5,0,0,0
20240313,22,220,60,50,90,112,,75,0,0,0,0,10137,75,8,78,,5,0,0,0
20240313,23,210,50,40,80,107,,75,0,0,0,0,10137,75,8,80,,5,0,0,0
20240313,24,210,40,50,70,102,86.0,79,0,0,0,0,10135,70,8,85,,5,0,0,0
20240314,1,210,50,50,70,103,,84,0,0,0,0,10132,70,8,88,,5,0,0,0
20240314,2,200,50,50,80,100,,82,0,0,0,0,10128,70,8,88,,5,0,0,0
20240314,3,210,50,50,70,97,,80,0,0,0,0,10122,70,8,89,,5,0,0,0
20240314,4,200,50,50,80,96,,78,0,0,0,0,10121,70,8,88,,5,0,0,0
20240314,5,200,50,40,80,87,,73,0,0,0,0,10118,65,8,91,,5,0,0,0
20240314,6,190,40,40,60,83,71.0,72,0,0,0,0,10118,60,7,92,,5,0,0,0
20240314,7,200,40,40,60,89,,78,5,15,0,0,10116,59,5,92,10.0,7,0,0,0
20240314,8,190,50,60,80,106,,85,10,65,0,0,10116,65,7,86,,5,0,0,0
20240314,9,200,60,60,100,125,,93,10,113,0,0,10115,73,3,80,,5,0,0,0
20240314,10,210,60,50,90,143,,98,10,169,0,0,10114,75,1,74,,5,0,0,0
20240314,11,210,70,60,110,151,,98,10,199,0,0,10110,75,7,70,,5,0,0,0
20240314,12,190,70,60,110,158,71.0,91,10,215,0,0,10106,81,8,64,,5,0,0,0
20240314,13,210,60,60,90,164,,87,10,204,0,0,10099,80,8,60,,5,0,0,0
20240314,14,210,70,70,100,161,,79,9,167,0,0,10091,81,8,58,,5,0,0,0
20240314,15,200,70,70,100,164,,83,8,114,0,0,10085,82,8,58,,5,0,0,0
20240314,16,200,50,50,80,160,,87,8,71,0,0,10080,81,8,61,,5,0,0,0
20240314,17,200,50,40,90,155,,88,2,25,0,0,10078,83,8,64,,5,0,0,0
20240314,18,200,50,50,80,149,136.0,81,2,6,0,0,10075,83,8,63,,5,0,0,0
20240314,19,200,40,50,70,145,,82,0,0,0,0,10075,80,8,65,,5,0,0,0
20240314,20,190,40,50,90,141,,83,0,0,0,0,10071,80,8,68,,5,0,0,0
20240314,21,200,40,40,70,129,,88,0,0,0,0,10069,75,7,76,,5,0,0,0
20240314,22,190,40,40,60,127,,94,0,0,0,0,10066,75,6,80,,5,0,0,0
20240314,23,180,40,40,50,128,,94,0,0,0,0,10061,75,8,79,,5,0,0,0
20240314,24,210,50,60,90,137,108.0,96,0,0,0,0,10059,75,8,76,,5,0,0,0
20240315,1,220,60,60,110,133,,98,0,0,0,-1,10058,71,8,79,57.0,7,0,1,0
20240315,2,210,50,50,90,124,,102,0,0,6,4,10055,63,8,86,61.0,7,0,1,0
20240315,3,230,60,50,100,124,,109,0,0,5,8,10055,70,8,90,23.0,7,0,1,0
20240315,4,230,60,60,110,123,,107,0,0,4,2,10056,59,8,89,58.0,7,0,1,0
20240315,5,230,70,80,140,119,,105,0,0,7,3,10056,65,8,91,23.0,7,0,1,0
20240315,6,220,70,70,120,117,112.0,104,0,0,0,-1,10057,65,8,91,23.0,7,0,1,0
20240315,7,220,80,80,130,119,,100,0,10,0,0,10058,69,8,87,,5,0,0,0
20240315,8,230,90,80,140,122,,99,0,36,0,0,10061,69,8,85,,5,0,0,0
20240315,9,230,90,110,160,133,,100,8,86,0,0,10063,67,7,80,,5,0,0,0
20240315,10,230,90,90,170,132,,101,3,72,0,0,10065,69,8,81,,5,0,0,0
20240315,11,230,100,100,160,137,,103,1,66,0,0,10066,73,8,79,,5,0,0,0
20240315,12,220,110,120,180,135,113.0,99,3,117,0,0,10066,75,8,78,,5,0,0,0
20240315,13,230,110,120,180,138,,98,4,114,0,0,10064,70,6,76,,5,0,0,0
20240315,14,230,110,110,180,139,,98,8,151,0,0,10063,68,7,76,,5,0,0,0
20240315,15,230,100,90,150,141,,99,8,128,0,0,10061,66,8,75,,5,0,0,0
20240315,16,230,90,90,150,136,,94,10,104,0,0,10063,62,8,75,,5,0,0,0
20240315,17,230,90,90,150,120,,88,10,43,0,0,10066,60,8,80,,5,0,0,0
20240315,18,230,80,80,140,111,105.0,89,2,7,0,0,10071,58,3,86,10.0,7,0,0,0
20240315,19,230,70,70,130,111,,88,0,0,0,0,10074,59,7,85,10.0,7,0,0,0
20240315,20,230,80,70,130,108,,85,0,0,0,0,10077,60,4,85,,5,0,0,0
20240315,21,230,70,60,120,104,,85,0,0,0,0,10079,59,1,88,10.0,7,0,0,0
20240315,22,230,70,70,100,110,,87,0,0,0,0,10083,60,8,85,,5,0,0,0
20240315,23,230,70,80,110,109,,87,0,0,0,0,10085,60,8,86,,5,0,0,0
20240315,24,260,70,70,110,104,95.0,87,0,0,0,0,10093,58,8,88,10.0,7,0,0,0
20240316,1,300,50,60,90,86,,69,0,0,0,0,10107,58,8,88,10.0,7,0,0,0
20240316,2,310,50,60,90,80,,71,0,0,5,4,10115,65,8,93,81.0,7,0,1,0
20240316,3,320,50,50,90,80,,68,0,0,5,3,10124,65,8,91,81.0,7,0,1,0
20240316,4,320,50,50,80,80,,63,0,0,0,-1,10135,69,8,88,23.0,7,0,1,0
20240316,5,340,50,50,90,73,,57,0,0,1,1,10146,70,8,89,23.0,7,0,1,0
20240316,6,330,40,60,90,74,70.0,47,0,0,0,-1,10162,63,8,83,81.0,7,0,1,0
20240316,7,310,50,50,110,70,,53,0,8,0,-1,10176,61,8,88,23.0,7,0,1,0
20240316,8,320,50,50,80,79,,33,0,24,0,0,10187,75,8,72,,5,0,0,0
20240316,9,320,50,40,90,83,,30,0,52,0,0,10195,80,8,69,2.0,7,0,0,0
20240316,10,320,50,40,80,91,,31,1,92,0,0,10206,80,8,66,,5,0,0,0
20240316,11,340,50,40,90,85,,36,1,89,0,-1,10216,75,8,71,23.0,7,0,1,0
20240316,12,320,40,50,70,92,67.0,32,3,142,0,0,10221,76,8,66,2.0,7,0,0,0
20240316,13,310,40,30,70,96,,22,5,159,0,0,10225,80,7,59,,5,0,0,0
20240316,14,280,40,50,80,95,,30,7,151,0,0,10228,75,6,63,,5,0,0,0
20240316,15,280,40,40,70,95,,32,10,148,0,0,10227,80,5,65,,5,0,0,0
20240316,16,270,40,40,60,94,,25,10,108,0,0,10231,80,7,61,,5,0,0,0
20240316,17,270,30,20,50,83,,24,10,45,0,0,10232,77,7,66,,5,0,0,0
20240316,18,280,20,20,40,56,38.0,27,2,7,0,0,10236,70,8,81,,5,0,0,0
20240316,19,270,10,10,20,54,,34,0,0,0,0,10235,70,8,87,,5,0,0,0
20240316,20,170,10,10,10,44,,35,0,0,0,0,10236,65,8,94,,5,0,0,0
20240316,21,140,10,10,20,43,,38,0,0,0,0,10234,65,8,96,,5,0,0,0
20240316,22,130,20,10,20,46,,32,0,0,0,0,10234,70,8,90,,5,0,0,0
20240316,23,140,30,30,40,61,,30,0,0,0,0,10233,75,8,80,,5,0,0,0
20240316,24,120,30,30,40,56,5.0,29,0,0,0,0,10228,70,8,82,,5,0,0,0
20240317,1,140,30,30,50,65,,35,0,0,0,0,10224,70,8,81,,5,0,0,0
20240317,2,130,30,30,40,58,,34,0,0,0,0,10217,70,8,84,,5,0,0,0
20240317,3,140,30,30,50,65,,39,0,0,0,0,10213,70,8,83,,5,0,0,0
20240317,4,140,40,30,50,63,,37,0,0,0,0,10205,70,8,83,,5,0,0,0
20240317,5,140,40,40,50,64,,40,0,0,0,0,10202,70,8,84,,5,0,0,0
20240317,6,130,40,40,50,64,43.0,40,0,0,0,0,10202,70,8,84,,5,0,0,0
20240317,7,140,40,40,60,71,,46,0,11,0,0,10202,70,8,84,,5,0,0,0
20240317,8,140,40,40,70,77,,49,0,25,0,0,10203,70,8,82,,5,0,0,0
20240317,9,140,40,40,60,86,,56,0,32,0,0,10200,70,8,81,,5,0,0,0
20240317,10,140,40,40,50,107,,67,3,105,0,0,10196,74,8,76,,5,0,0,0
20240317,11,140,40,40,60,116,,75,0,100,0,0,10194,75,8,75,,5,0,0,0
20240317,12,150,40,40,60,117,56.0,84,0,37,5,1,10189,72,8,80,23.0,7,0,1,0
20240317,13,140,50,40,70,125,,97,0,68,0,-1,10182,70,8,82,81.0,7,0,1,0
20240317,14,150,40,50,70,132,,96,1,62,0,-1,10175,75,8,78,23.0,7,0,1,0
20240317,15,150,50,50,70,127,,97,0,40,4,1,10170,70,8,81,51.0,7,0,1,0
20240317,16,150,40,30,60,122,,103,0,16,10,9,10166,66,8,88,81.0,7,0,1,0
20240317,17,140,40,50,70,116,,100,0,10,9,10,10163,63,8,89,61.0,7,0,1,0
20240317,18,140,40,40,70,115,110.0,101,0,4,7,1,10158,65,8,90,51.0,7,0,1,0
20240317,19,150,50,50,80,111,,102,0,0,9,3,10158,48,8,94,58.0,7,0,1,0
20240317,20,160,40,40,70,111,,104,0,0,10,7,10156,59,8,95,61.0,7,0,1,0
20240317,21,170,40,40,70,113,,107,0,0,10,6,10153,58,8,96,52.0,7,0,1,0
20240317,22,190,40,30,60,113,,110,0,0,2,2,10152,34,8,97,81.0,7,0,1,0
20240317,23,200,30,30,50,102,,95,0,0,0,-1,10149,58,8,95,23.0,7,0,1,0
20240317,24,220,30,40,60,112,94.0,101,0,0,0,0,10149,58,8,93,10.0,7,0,0,0
20240318,1,200,30,30,60,108,,100,0,0,0,0,10146,57,8,94,10.0,7,0,0,0
20240318,2,210,20,30,60,106,,95,0,0,0,0,10143,58,8,92,10.0,7,0,0,0
20240318,3,200,10,10,40,104,,97,0,0,0,0,10139,58,8,95,10.0,7,0,0,0
20240318,4,210,20,20,30,104,,95,0,0,0,0,10141,58,8,94,10.0,7,0,0,0
20240318,5,240,20,20,40,104,,94,0,0,0,0,10144,59,8,93,10.0,7,0,0,0
20240318,6,240,30,30,50,102,100.0,92,0,0,0,0,10143,59,8,93,10.0,7,0,0,0
20240318,7,250,20,30,40,103,,91,0,9,0,0,10148,61,8,92,,5,0,0,0
20240318,8,270,30,30,50,109,,86,2,46,0,0,10151,67,8,85,,5,0,0,0
20240318,9,280,40,50,60,112,,81,2,76,0,0,10156,70,8,81,,5,0,0,0
20240318,10,290,50,40,70,118,,78,2,108,0,0,10159,73,8,76,,5,0,0,0
20240318,11,290,50,50,70,123,,67,8,192,0,0,10163,74,2,68,,5,0,0,0
20240318,12,300,40,40,70,129,99.0,57,10,226,0,0,10165,77,2,61,,5,0,0,0
20240318,13,280,40,40,60,127,,70,10,205,0,0,10165,69,5,68,,5,0,0,0
20240318,14,270,40,40,60,131,,77,9,189,0,0,10163,72,6,69,,5,0,0,0
20240318,15,280,40,40,60,125,,86,5,110,0,0,10162,73,8,77,,5,0,0,0
20240318,16,270,40,40,70,114,,92,8,99,0,0,10163,67,5,86,,5,0,0,0
20240318,17,260,40,40,60,105,,78,10,59,0,0,10165,66,0,83,,5,0,0,0
20240318,18,260,20,10,50,88,67.0,75,3,7,0,0,10168,65,6,91,,5,0,0,0
20240318,19,170,10,10,20,80,,74,0,0,0,0,10171,63,8,96,,5,0,0,0
20240318,20,180,20,20,30,76,,67,0,0,0,0,10172,62,8,94,,5,0,0,0
20240318,21,170,20,20,30,74,,67,0,0,0,0,10171,59,8,94,10.0,7,0,0,0
20240318,22,170,20,20,30,79,,70,0,0,0,0,10170,62,8,94,,5,0,0,0
20240318,23,160,20,20,30,72,,67,0,0,0,0,10168,60,8,96,,5,0,0,0
20240318,24,190,20,20,40,88,31.0,79,0,0,0,0,10169,62,8,94,,5,0,0,0
20240319,1,180,20,30,40,96,,84,0,0,0,0,10165,63,8,91,,5,0,0,0
20240319,2,200,30,40,60,103,,83,0,0,0,0,10164,70,8,87,,5,0,0,0
20240319,3,200,40,40,60,89,,74,0,0,0,0,10162,70,7,90,,5,0,0,0
20240319,4,200,30,30,50,95,,82,0,0,0,0,10165,65,8,91,,5,0,0,0
20240319,5,170,30,30,40,98,,81,0,0,0,0,10165,70,8,89,,5,0,0,0
20240319,6,180,30,30,40,99,75.0,83,0,0,0,0,10168,70,8,89,,5,0,0,0
20240319,7,170,30,30,40,105,,84,0,7,0,0,10169,70,8,87,,5,0,0,0
20240319,8,170,30,30,40,110,,84,0,15,0,0,10170,70,8,84,,5,0,0,0
20240319,9,180,30,30,50,121,,89,0,36,0,0,10173,70,8,81,,5,0,0,0
20240319,10,200,40,50,80,139,,90,3,110,0,0,10173,75,8,72,,5,0,0,0
20240319,11,230,60,60,100,147,,94,5,157,0,0,10173,75,7,70,,5,0,0,0
20240319,12,210,60,60,90,157,93.0,92,9,187,0,0,10173,80,6,65,,5,0,0,0
20240319,13,260,60,60,100,141,,92,6,143,0,0,10176,75,8,72,,5,0,0,0
20240319,14,260,70,60,100,138,,68,6,139,0,0,10179,81,8,62,,5,0,0,0
20240319,15,260,60,60,100,134,,71,8,130,0,0,10180,80,8,65,,5,0,0,0
20240319,16,250,60,50,100,127,,69,8,87,0,0,10181,80,8,67,,5,0,0,0
20240319,17,250,50,50,90,118,,69,10,39,0,0,10185,75,8,71,,5,0,0,0
20240319,18,230,30,20,70,113,101.0,68,3,7,0,0,10188,75,8,73,,5,0,0,0
20240319,19,230,20,20,40,103,,74,0,0,0,0,10191,70,8,82,,5,0,0,0
20240319,20,220,20,10,30,102,,79,0,0,0,0,10193,70,8,85,,5,0,0,0
20240319,21,210,20,20,30,98,,76,0,0,0,0,10193,70,8,85,,5,0,0,0
20240319,22,160,20,20,30,98,,76,0,0,0,0,10190,70,8,85,,5,0,0,0
20240319,23,180,20,20,30,85,,74,0,0,0,0,10192,65,8,92,,5,0,0,0
20240319,24,180,20,10,20,90,63.0,82,0,0,0,0,10193,65,8,94,,5,0,0,0
20240320,1,190,10,10,20,83,,71,0,0,0,0,10191,65,8,92,,5,0,0,0
20240320,2,160,20,20,30,84,,74,0,0,0,0,10185,65,8,93,,5,0,0,0
20240320,3,180,20,10,30,82,,72,0,0,0,0,10184,65,8,93,,5,0,0,0
20240320,4,160,20,20,30,85,,73,0,0,0,0,10184,65,8,92,,5,0,0,0
20240320,5,180,10,10,20,77,,73,0,0,0,0,10187,62,8,97,,5,0,0,0
20240320,6,0,10,0,20,68,49.0,62,0,0,0,0,10188,56,8,95,10.0,7,0,0,0
20240320,7,150,10,10,10,87,,83,3,21,0,0,10192,60,8,97,,5,0,0,0
20240320,8,200,10,10,20,110,,87,2,50,0,0,10194,65,8,86,,5,0,0,0
20240320,9,180,10,10,20,124,,90,4,82,0,0,10196,68,8,79,,5,0,0,0
20240320,10,250,10,20,30,136,,92,0,89,0,-1,10195,67,8,74,23.0,7,0,1,0
20240320,11,250,10,20,30,143,,90,0,101,0,-1,10194,63,8,70,23.0,7,0,1,0
20240320,12,360,20,20,30,151,51.0,105,1,122,0,0,10193,71,8,74,2.0,7,0,0,0
20240320,13,330,20,20,40,151,,101,5,143,0,-1,10191,68,8,72,23.0,7,0,1,0
20240320,14,340,30,30,40,146,,95,1,106,0,0,10188,67,8,71,,5,0,0,0
20240320,15,310,20,20,40,153,,91,8,123,0,0,10187,72,8,66,2.0,7,0,0,0
20240320,16,360,20,10,40,141,,92,1,60,0,0,10185,75,8,72,,5,0,0,0
20240320,17,330,30,20,40,127,,90,10,40,0,0,10186,75,8,78,,5,0,0,0
20240320,18,320,20,30,40,108,99.0,90,3,8,0,0,10189,67,8,88,2.0,7,0,0,0
20240320,19,350,20,20,40,97,,86,0,0,0,0,10194,64,8,93,,5,0,0,0
20240320,20,350,20,10,30,90,,83,0,0,0,0,10198,58,8,95,10.0,7,0,0,0
20240320,21,0,10,0,20,89,,84,0,0,0,0,10203,57,8,96,10.0,7,0,0,0
20240320,22,0,10,0,20,77,,75,0,0,0,0,10203,49,8,98,10.0,7,0,0,0
20240320,23,260,10,10,10,76,,73,0,0,0,0,10201,20,8,97,10.0,7,0,0,0
20240320,24,200,10,10,20,80,53.0,75,0,0,0,0,10205,44,8,96,10.0,7,0,0,0
20240321,1,300,30,40,50,100,,87,0,0,0,0,10211,57,8,91,10.0,7,0,0,0
20240321,2,330,50,50,80,92,,84,0,0,0,0,10211,61,8,94,,5,0,0,0
20240321,3,340,50,50,80,82,,76,0,0,0,0,10217,58,8,96,10.0,7,0,0,0
20240321,4,350,60,50,90,82,,73,0,0,0,0,10225,65,8,94,,5,0,0,0
20240321,5,350,50,60,90,80,,62,0,0,0,0,10232,70,8,88,,5,0,0,0
20240321,6,340,60,50,90,74,69.0,59,0,0,0,0,10239,70,8,90,,5,0,0,0
20240321,7,360,50,40,80,74,,58,0,9,0,0,10245,70,8,89,,5,0,0,0
20240321,8,340,40,30,60,78,,58,0,24,0,0,10250,70,8,87,,5,0,0,0
20240321,9,330,30,30,50,80,,60,0,43,0,0,10254,70,8,86,,5,0,0,0
20240321,10,300,20,30,50,80,,58,0,49,0,0,10264,70,8,86,,5,0,0,0
20240321,11,280,30,40,60,81,,62,0,55,0,0,10263,70,8,87,,5,0,0,0
20240321,12,290,40,30,70,84,72.0,65,0,60,0,0,10266,70,8,87,,5,0,0,0
20240321,13,250,40,40,60,89,,64,0,59,0,0,10260,70,8,84,,5,0,0,0
20240321,14,240,40,50,70,97,,64,0,85,0,0,10255,75,8,79,,5,0,0,0
20240321,15,230,40,40,70,101,,65,0,75,0,0,10249,75,8,78,,5,0,0,0
20240321,16,230,50,40,70,102,,66,3,60,0,0,10249,75,8,78,,5,0,0,0
20240321,17,230,40,50,60,103,,69,8,39,0,0,10243,75,8,79,,5,0,0,0
20240321,18,210,40,40,70,100,92.0,68,3,11,0,0,10237,75,8,80,,5,0,0,0
20240321,19,210,40,40,60,104,,74,0,0,0,0,10234,70,8,81,,5,0,0,0
20240321,20,210,40,40,60,106,,78,0,0,0,0,10230,67,8,82,,5,0,0,0
20240321,21,210,50,50,80,108,,86,0,0,0,0,10222,60,8,85,,5,0,0,0
20240321,22,220,50,50,70,109,,90,0,0,0,0,10218,57,8,88,10.0,7,0,0,0
20240321,23,220,50,60,80,110,,91,0,0,0,0,10213,50,8,88,10.0,7,0,0,0
20240321,24,230,50,50,80,106,95.0,88,0,0,0,0,10206,56,8,88,10.0,7,0,0,0
20240322,1,230,60,60,100,101,,86,0,0,0,0,10198,50,8,90,10.0,7,0,0,0
20240322,2,230,50,50,90,99,,84,0,0,0,0,10196,59,8,90,10.0,7,0,0,0
20240322,3,220,60,60,100,99,,84,0,0,0,0,10185,59,8,90,10.0,7,0,0,0
20240322,4,220,60,50,90,99,,83,0,0,0,0,10179,60,8,89,,5,0,0,0
20240322,5,240,60,70,120,102,,78,0,0,0,0,10179,62,8,85,,5,0,0,0
20240322,6,240,70,60,110,101,94.0,76,0,1,0,0,10174,63,8,84,,5,0,0,0
20240322,7,240,70,70,120,99,,78,0,6,0,0,10173,56,8,87,10.0,7,0,0,0
20240322,8,240,70,60,110,100,,81,0,11,0,0,10172,60,8,88,,5,0,0,0
20240322,9,240,60,60,110,98,,84,0,17,0,-1,10171,39,8,91,51.0,7,0,1,0
20240322,10,250,60,60,100,98,,89,0,31,8,4,10169,22,8,94,53.0,7,0,1,0
20240322,11,260,60,60,110,103,,94,0,45,10,4,10170,56,8,94,52.0,7,0,1,0
20240322,12,270,60,60,100,103,96.0,91,0,61,0,-1,10167,56,8,92,23.0,7,0,1,0
20240322,13,270,60,60,90,102,,91,0,52,0,-1,10162,58,8,92,51.0,7,0,1,0
20240322,14,290,50,40,80,103,,90,0,50,4,1,10156,59,8,91,81.0,7,0,1,0
20240322,15,300,40,40,70,95,,70,0,38,10,8,10153,61,8,84,61.0,7,0,1,0
20240322,16,310,30,20,60,96,,66,0,28,4,1,10146,64,8,81,23.0,7,0,1,0
20240322,17,320,30,30,50,91,,62,0,16,0,0,10144,62,8,82,,5,0,0,0
20240322,18,310,20,20,40,87,82.0,63,0,2,0,-1,10140,62,8,84,57.0,7,0,1,0
20240322,19,260,20,10,40,82,,61,0,0,0,-1,10139,64,8,86,23.0,7,0,1,0
20240322,20,290,10,10,20,73,,62,0,0,0,0,10132,62,8,93,,5,0,0,0
20240322,21,210,10,10,20,67,,61,0,0,0,0,10129,61,8,95,2.0,7,0,0,0
20240322,22,240,10,10,20,63,,59,0,0,0,0,10124,59,8,97,10.0,7,0,0,0
20240322,23,240,20,20,30,76,,62,0,0,0,0,10120,61,8,90,,5,0,0,0
20240322,24,260,20,20,40,64,50.0,50,0,0,0,0,10114,63,3,90,1.0,7,0,0,0
20240323,1,290,30,30,50,70,,33,0,0,0,0,10108,69,1,77,,5,0,0,0
20240323,2,290,40,40,70,74,,26,0,0,0,0,10104,72,1,71,,5,0,0,0
20240323,3,280,40,40,70,72,,27,0,0,0,0,10099,75,2,72,,5,0,0,0
20240323,4,280,50,50,80,67,,24,0,0,0,0,10095,75,1,74,,5,0,0,0
20240323,5,280,60,70,100,72,,30,0,0,0,0,10095,74,7,74,,5,0,0,0
20240323,6,280,70,70,120,66,37.0,29,0,1,0,0,10094,71,7,77,,5,0,0,0
20240323,7,280,80,70,110,68,,25,0,19,0,0,10094,72,6,73,,5,0,0,0
20240323,8,280,80,80,130,77,,33,4,62,0,0,10093,72,6,73,,5,0,0,0
20240323,9,280,90,90,130,76,,26,8,91,0,0,10093,70,6,70,,5,0,0,0
20240323,10,260,100,100,140,80,,29,7,121,0,0,10094,69,7,70,,5,0,0,0
20240323,11,270,100,110,160,81,,26,8,167,0,0,10092,73,5,68,,5,0,0,0
20240323,12,260,110,100,160,87,57.0,26,9,221,0,0,10089,70,4,65,,5,0,0,0
20240323,13,270,100,100,150,84,,19,9,171,0,0,10084,72,6,63,,5,0,0,0
20240323,14,250,100,80,160,86,,23,9,189,0,0,10081,70,3,64,,5,0,0,0
20240323,15,260,90,100,140,83,,27,10,162,0,0,10077,77,4,68,,5,0,0,0
20240323,16,260,80,90,170,85,,21,6,83,0,-1,10072,70,8,64,91.0,7,0,1,1
20240323,17,250,80,60,160,75,,17,5,44,0,0,10069,80,6,66,26.0,7,0,0,1
20240323,18,250,70,70,130,76,65.0,34,3,16,0,-1,10068,75,8,75,23.0,7,0,1,0
20240323,19,250,50,50,100,69,,17,0,0,0,0,10067,80,1,69,,5,0,0,0
20240323,20,260,60,70,100,72,,18,0,0,0,0,10063,80,3,68,,5,0,0,0
20240323,21,250,60,50,100,74,,21,0,0,0,0,10059,80,5,68,,5,0,0,0
20240323,22,240,60,50,90,77,,29,0,0,0,0,10052,75,7,71,,5,0,0,0
20240323,23,250,70,70,160,65,,34,0,0,6,3,10044,71,8,80,51.0,7,0,1,0
20240323,24,250,70,70,130,75,53.0,42,0,0,4,2,10037,68,8,79,23.0,7,0,1,0
20240324,1,270,90,90,150,76,,41,0,0,0,0,10032,66,8,78,,5,0,0,0
20240324,2,280,90,110,150,74,,46,0,0,9,17,10026,64,8,82,23.0,7,0,1,0
20240324,3,280,100,90,170,78,,45,0,0,1,1,10023,64,8,79,23.0,7,0,1,0
20240324,4,290,80,60,200,55,,38,0,0,5,7,10028,58,8,88,81.0,7,0,1,0
20240324,5,280,60,80,120,71,,45,0,0,5,20,10025,64,7,83,23.0,7,0,1,0
20240324,6,280,90,100,150,72,48.0,35,0,1,1,1,10030,66,7,77,22.0,7,0,1,0
20240324,7,280,100,100,140,72,,32,0,20,0,0,10032,68,7,75,,5,0,0,0
20240324,8,270,100,100,150,75,,39,3,51,0,0,10035,66,8,78,,5,0,0,0
20240324,9,280,100,80,150,64,,44,1,49,2,9,10041,65,8,86,23.0,7,0,1,0
20240324,10,290,80,80,150,77,,41,0,41,0,-1,10044,63,8,78,22.0,7,0,1,0
20240324,11,290,100,100,160,80,,41,3,112,0,-1,10047,60,8,76,81.0,7,0,1,0
20240324,12,290,100,110,170,73,52.0,47,0,72,4,1,10052,56,8,83,52.0,7,0,1,0
20240324,13,280,100,110,160,83,,49,2,89,4,1,10055,62,8,79,23.0,7,0,1,0
20240324,14,290,110,100,170,78,,49,0,58,3,2,10060,59,8,81,23.0,7,0,1,0
20240324,15,290,110,100,200,79,,50,1,39,6,3,10062,62,8,81,23.0,7,0,1,0
20240324,16,300,90,90,160,75,,53,2,38,4,8,10064,50,8,86,81.0,7,0,1,0
20240324,17,300,90,90,160,78,,44,2,22,6,7,10068,62,8,79,23.0,7,0,1,0
20240324,18,300,90,90,150,75,63.0,39,2,9,0,0,10073,64,8,77,2.0,7,0,0,0
20240324,19,310,80,50,140,62,,42,0,0,4,9,10080,61,8,86,81.0,7,0,1,0
20240324,20,310,60,80,110,70,,31,0,0,2,1,10079,62,5,76,23.0,7,0,1,0
20240324,21,310,60,50,100,70,,34,0,0,0,0,10081,63,5,77,2.0,7,0,0,0
20240324,22,310,50,50,100,70,,34,0,0,0,0,10081,64,4,78,,5,0,0,0
20240324,23,300,50,50,90,69,,30,0,0,0,0,10081,65,6,76,,5,0,0,0
20240324,24,300,40,40,70,65,46.0,28,0,0,0,0,10079,66,3,77,1.0,7,0,0,0
20240325,1,290,30,30,60,59,,30,0,0,0,0,10078,64,5,81,,5,0,0,0
20240325,2,260,30,20,40,38,,17,0,0,0,0,10078,66,3,85,,5,0,0,0
20240325,3,250,20,20,30,23,,3,0,0,0,0,10075,67,0,86,,5,0,0,0
20240325,4,220,20,20,20,16,,10,0,0,0,0,10072,63,8,95,,5,0,0,0
20240325,5,220,20,20,20,7,,3,0,0,0,0,10072,61,4,97,,5,0,0,0
20240325,6,140,10,10,20,10,-20.0,8,0,3,0,0,10070,50,0,98,10.0,7,0,0,0
20240325,7,180,10,10,20,41,,38,10,39,0,0,10069,62,5,97,,5,0,0,0
20240325,8,130,20,20,30,74,,51,10,92,0,0,10070,63,8,85,,5,0,0,0
20240325,9,130,30,30,50,89,,56,10,136,0,0,10068,66,4,80,,5,0,0,0
20240325,10,140,40,50,60,100,,44,9,183,0,0,10062,80,8,68,,5,0,0,0
20240325,11,180,40,40,60,112,,50,9,214,0,0,10058,76,4,65,,5,0,0,0
20240325,12,160,40,40,80,117,-16.0,23,10,249,0,0,10050,80,2,52,,5,0,0,0
20240325,13,130,40,40,80,121,,38,10,240,0,0,10043,69,4,56,,5,0,0,0
20240325,14,130,50,50,70,109,,31,7,153,0,0,10033,75,4,58,,5,0,0,0
20240325,15,120,50,50,80,110,,12,8,115,0,0,10024,80,3,50,,5,0,0,0
20240325,16,130,50,50,70,114,,22,9,107,0,0,10015,81,7,53,,5,0,0,0
20240325,17,110,50,40,80,101,,27,10,54,0,0,10009,80,8,60,,5,0,0,0
20240325,18,100,40,40,60,88,71.0,24,5,11,0,0,10007,80,8,63,,5,0,0,0
20240325,19,110,40,40,60,82,,15,0,0,0,0,10005,82,8,62,,5,0,0,0
20240325,20,100,50,50,80,81,,19,0,0,0,0,10002,80,8,65,,5,0,0,0
20240325,21,110,50,50,70,79,,15,0,0,0,0,9998,81,8,63,,5,0,0,0
20240325,22,90,40,40,70,75,,13,0,0,0,0,9992,81,8,64,,5,0,0,0
20240325,23,100,50,60,90,72,,11,0,0,0,0,9983,80,8,65,,5,0,0,0
20240325,24,110,60,50,90,67,56.0,15,0,0,0,0,9978,80,8,69,,5,0,0,0
20240326,1,110,50,50,80,59,,15,0,0,0,0,9970,75,8,73,,5,0,0,0
20240326,2,100,50,40,70,54,,14,0,0,0,0,9962,75,8,75,,5,0,0,0
20240326,3,100,40,40,60,51,,11,0,0,0,0,9954,75,8,75,,5,0,0,0
20240326,4,110,50,50,70,49,,10,0,0,0,0,9944,75,8,76,,5,0,0,0
20240326,5,110,40,40,60,43,,8,0,0,0,0,9942,75,8,78,,5,0,0,0
20240326,6,110,40,40,60,41,25.0,8,0,3,0,0,9939,75,8,79,,5,0,0,0
20240326,7,110,40,50,70,52,,12,8,37,0,0,9932,75,8,75,,5,0,0,0
20240326,8,120,50,50,70,70,,24,8,80,0,0,9927,75,8,72,,5,0,0,0
20240326,9,120,60,60,80,77,,23,7,117,0,0,9923,80,8,68,,5,0,0,0
20240326,10,130,50,40,70,88,,33,1,110,0,0,9917,80,8,68,,5,0,0,0
20240326,11,130,50,50,70,91,,33,0,113,0,0,9909,80,8,67,,5,0,0,0
20240326,12,140,50,50,80,95,28.0,40,0,105,0,0,9905,80,8,68,,5,0,0,0
20240326,13,140,50,40,70,107,,51,3,134,0,0,9899,78,8,68,,5,0,0,0
20240326,14,130,50,50,70,107,,48,1,116,0,0,9893,80,8,66,,5,0,0,0
20240326,15,140,50,50,70,108,,51,0,79,0,0,9886,79,8,67,,5,0,0,0
20240326,16,130,40,50,70,109,,57,0,55,0,0,9880,75,8,70,,5,0,0,0
20240326,17,120,40,40,60,107,,57,0,31,0,0,9874,75,8,71,,5,0,0,0
20240326,18,100,30,30,50,99,87.0,61,5,12,0,0,9873,75,8,77,,5,0,0,0
20240326,19,100,30,40,50,103,,63,0,0,0,0,9869,75,8,76,,5,0,0,0
20240326,20,110,40,40,60,101,,63,0,0,0,-1,9867,75,8,77,23.0,7,0,1,0
20240326,21,100,40,40,60,99,,67,0,0,0,-1,9861,73,8,80,57.0,7,0,1,0
20240326,22,120,30,30,50,95,,70,0,0,0,-1,9854,70,8,84,23.0,7,0,1,0
20240326,23,130,30,40,50,99,,72,0,0,0,0,9849,70,8,83,,5,0,0,0
20240326,24,140,40,30,50,101,85.0,76,0,0,0,-1,9845,70,8,84,81.0,7,0,1,0
20240327,1,160,30,30,50,108,,88,0,0,0,-1,9840,70,8,87,23.0,7,0,1,0
20240327,2,160,40,40,60,112,,89,0,0,0,0,9834,70,8,85,,5,0,0,0
20240327,3,190,40,40,70,110,,88,0,0,1,2,9831,63,8,86,81.0,7,0,1,0
20240327,4,240,50,60,100,90,,70,0,0,4,1,9836,70,8,86,23.0,7,0,1,0
20240327,5,230,40,40,90,84,,68,0,0,4,1,9837,70,8,89,23.0,7,0,1,0
20240327,6,230,50,50,80,84,77.0,56,0,1,0,0,9841,70,8,82,2.0,7,0,0,0
20240327,7,220,40,40,70,85,,53,0,10,0,0,9849,75,8,80,,5,0,0,0
20240327,8,200,50,50,80,84,,56,0,27,0,0,9856,70,8,82,,5,0,0,0
20240327,9,200,50,50,80,88,,57,0,48,0,0,9859,75,8,80,,5,0,0,0
20240327,10,190,60,60,80,94,,56,0,86,0,0,9862,75,8,77,,5,0,0,0
20240327,11,180,60,60,100,96,,57,0,96,0,0,9865,75,8,76,,5,0,0,0
20240327,12,180,60,60,90,105,77.0,61,1,118,0,0,9866,75,8,74,,5,0,0,0
20240327,13,220,60,60,90,112,,69,3,138,0,0,9867,75,8,74,,5,0,0,0
20240327,14,200,70,70,110,107,,51,5,140,0,0,9867,80,8,68,,5,0,0,0
20240327,15,200,70,60,100,116,,53,6,123,0,0,9865,80,8,65,,5,0,0,0
20240327,16,190,60,60,100,117,,41,10,131,0,0,9865,79,6,59,,5,0,0,0
20240327,17,190,60,60,90,117,,40,10,81,0,0,9866,80,8,59,,5,0,0,0
20240327,18,180,60,60,90,107,92.0,31,5,27,0,0,9867,83,8,59,,5,0,0,0
20240327,19,160,50,50,80,98,,31,0,0,0,0,9866,83,8,63,,5,0,0,0
20240327,20,160,40,30,80,88,,37,0,0,0,0,9868,75,8,70,,5,0,0,0
20240327,21,160,30,30,50,79,,36,0,0,0,0,9865,75,6,73,,5,0,0,0
20240327,22,160,30,40,50,89,,37,0,0,0,0,9861,80,8,69,,5,0,0,0
20240327,23,160,30,40,60,94,,35,0,0,0,0,9858,80,8,66,,5,0,0,0
20240327,24,130,30,40,50,86,56.0,38,0,0,0,0,9851,75,8,71,,5,0,0,0
20240328,1,130,40,40,60,68,,35,0,0,0,0,9843,75,8,79,,5,0,0,0
20240328,2,140,40,30,60,64,,36,0,0,0,0,9835,70,8,82,,5,0,0,0
20240328,3,110,40,50,60,66,,36,0,0,0,0,9828,70,8,81,,5,0,0,0
20240328,4,120,50,50,80,69,,39,0,0,0,0,9821,70,8,81,,5,0,0,0
20240328,5,130,50,40,80,70,,39,0,0,0,0,9815,75,8,80,,5,0,0,0
20240328,6,140,50,60,90,71,43.0,38,0,2,0,0,9818,75,8,79,,5,0,0,0
20240328,7,160,50,50,90,84,,40,3,16,0,0,9816,75,8,74,,5,0,0,0
20240328,8,200,70,40,120,69,,49,0,17,8,6,9820,63,8,87,81.0,7,0,1,0
20240328,9,180,30,40,60,70,,57,0,24,10,6,9825,65,8,91,61.0,7,0,1,0
20240328,10,210,40,50,80,85,,68,0,38,6,6,9833,70,8,89,23.0,7,0,1,0
20240328,11,240,60,70,130,85,,52,2,104,0,-1,9845,62,8,79,81.0,7,0,1,0
20240328,12,220,80,90,130,101,62.0,40,6,158,0,-1,9853,80,8,65,23.0,7,0,1,0
20240328,13,220,90,100,140,114,,37,6,183,0,0,9858,81,7,59,,5,0,0,0
20240328,14,210,100,100,160,109,,26,7,166,0,0,9864,82,6,56,,5,0,0,0
20240328,15,200,90,80,150,109,,39,3,94,0,0,9867,82,8,62,,5,0,0,0
20240328,16,200,80,50,170,102,,46,2,54,0,-1,9865,80,7,68,23.0,7,0,1,0
20240328,17,190,70,70,120,117,,45,10,68,0,0,9864,81,8,61,,5,0,0,0
20240328,18,190,90,110,160,114,83.0,33,5,26,0,0,9866,83,4,57,1.0,7,0,0,0
20240328,19,190,90,90,150,110,,34,0,0,0,0,9874,83,5,59,,5,0,0,0
20240328,20,190,90,100,160,108,,38,0,0,0,0,9877,83,8,61,,5,0,0,0
20240328,21,190,100,90,170,104,,35,0,0,0,0,9880,83,5,62,,5,0,0,0
20240328,22,180,100,100,150,102,,33,0,0,0,0,9881,82,6,62,,5,0,0,0
20240328,23,190,100,90,160,99,,37,0,0,0,0,9885,80,3,65,,5,0,0,0
20240328,24,190,90,80,150,95,84.0,39,0,0,0,0,9885,80,8,67,,5,0,0,0
20240329,1,200,80,80,130,95,,38,0,0,0,0,9887,80,8,67,,5,0,0,0
20240329,2,200,80,80,140,95,,38,0,0,0,0,9886,80,8,67,,5,0,0,0
20240329,3,190,70,80,110,97,,36,0,0,0,0,9889,80,8,65,,5,0,0,0
20240329,4,190,80,90,130,96,,33,0,0,0,0,9893,83,8,64,,5,0,0,0
20240329,5,190,80,80,140,92,,35,0,0,0,0,9897,80,8,67,,5,0,0,0
20240329,6,190,70,70,110,81,73.0,39,0,2,0,0,9903,75,6,74,,5,0,0,0
20240329,7,180,70,80,110,85,,50,0,29,0,0,9906,75,8,79,,5,0,0,0
20240329,8,180,70,70,110,93,,57,5,77,0,0,9910,75,8,78,,5,0,0,0
20240329,9,180,60,60,100,99,,58,3,99,0,0,9915,75,8,75,,5,0,0,0
20240329,10,200,70,80,110,108,,64,3,126,0,0,9917,75,8,74,,5,0,0,0
20240329,11,200,70,80,110,113,,64,5,148,0,0,9923,75,8,71,,5,0,0,0
20240329,12,200,70,70,100,124,72.0,65,4,176,0,0,9925,80,8,67,,5,0,0,0
20240329,13,210,70,60,110,127,,63,7,185,0,0,9925,80,8,65,,5,0,0,0
20240329,14,200,70,70,110,131,,65,3,134,0,0,9931,83,8,64,,5,0,0,0
20240329,15,200,70,80,120,136,,56,3,105,0,0,9931,82,8,58,,5,0,0,0
20240329,16,200,70,70,120,136,,55,7,93,0,0,9934,83,8,58,,5,0,0,0
20240329,17,200,70,70,110,130,,51,2,39,0,0,9936,83,8,59,,5,0,0,0
20240329,18,180,50,40,90,121,106.0,62,5,13,0,0,9939,80,8,67,,5,0,0,0
20240329,19,170,30,30,60,114,,61,0,0,0,0,9942,80,8,69,,5,0,0,0
20240329,20,170,30,30,50,114,,62,0,0,0,0,9949,75,8,70,,5,0,0,0
20240329,21,160,30,30,40,112,,65,0,0,0,0,9953,75,8,73,,5,0,0,0
20240329,22,160,30,30,40,106,,69,0,0,0,0,9959,75,8,77,,5,0,0,0
20240329,23,180,30,40,60,116,,76,0,0,0,0,9962,75,8,76,,5,0,0,0
20240329,24,180,40,50,70,115,89.0,81,0,0,1,1,9962,75,8,79,23.0,7,0,1,0
20240330,1,170,40,30,70,108,,76,0,0,0,-1,9961,75,8,80,23.0,7,0,1,0
20240330,2,170,30,30,50,104,,72,0,0,0,0,9959,75,8,80,,5,0,0,0
20240330,3,190,20,20,40,96,,74,0,0,0,-1,9959,70,8,85,57.0,7,0,1,0
20240330,4,160,20,20,40,92,,74,0,0,9,2,9957,70,8,88,51.0,7,0,1,0
20240330,5,0,10,0,30,85,,78,0,0,0,-1,9953,65,8,95,81.0,7,0,1,0
20240330,6,90,0,10,40,84,77.0,77,0,1,8,6,9953,60,8,95,61.0,7,0,1,0
20240330,7,0,10,0,20,88,,85,0,8,10,12,9953,58,8,98,58.0,7,0,1,0
20240330,8,30,10,10,10,91,,86,0,12,10,9,9954,50,8,96,52.0,7,0,1,0
20240330,9,360,20,30,40,91,,84,0,17,9,5,9950,43,8,95,52.0,7,0,1,0
20240330,10,350,40,40,60,88,,82,0,18,10,4,9945,60,8,95,81.0,7,0,1,0
20240330,11,330,40,40,50,88,,81,0,19,5,3,9948,40,8,95,52.0,7,0,1,0
20240330,12,320,40,40,60,89,80.0,83,0,24,6,2,9955,50,8,96,22.0,7,0,1,0
20240330,13,290,30,40,60,88,,82,0,24,9,8,9962,35,8,95,58.0,7,0,1,0
20240330,14,280,50,40,70,89,,82,0,37,10,3,9970,35,8,95,58.0,7,0,1,0
20240330,15,250,40,30,70,88,,81,0,39,8,2,9977,65,8,95,23.0,7,0,1,0
20240330,16,30,10,10,40,91,,79,0,31,0,-1,9979,65,8,92,23.0,7,0,1,0
20240330,17,260,10,20,40,91,,76,2,35,0,0,9988,70,8,90,,5,0,0,0
20240330,18,280,20,30,40,86,80.0,72,7,22,0,0,9994,65,8,91,2.0,7,0,0,0
20240330,19,170,10,10,40,64,,61,0,1,0,0,9997,65,8,97,,5,0,0,0
20240330,20,990,10,10,20,41,,38,0,0,0,0,9999,1,2,98,34.0,7,1,0,0
20240330,21,120,20,10,20,47,,44,0,0,0,0,10002,1,1,98,33.0,7,1,0,0
20240330,22,110,20,30,40,51,,49,0,0,0,0,10004,35,2,98,20.0,7,1,0,0
20240330,23,100,20,10,30,48,,45,0,0,0,0,10006,26,8,98,10.0,7,0,0,0
20240330,24,10,10,20,30,27,6.0,24,0,0,0,0,10002,1,8,98,34.0,7,1,0,0
20240331,1,40,10,20,20,26,,23,0,0,0,0,9995,1,7,98,33.0,7,1,0,0
20240331,2,70,30,20,40,56,,53,0,0,0,0,9996,28,8,98,20.0,7,1,0,0
20240331,3,100,30,30,50,64,,57,0,0,0,0,9995,57,8,95,10.0,7,0,0,0
20240331,4,60,40,40,70,68,,54,0,0,0,0,9989,65,8,91,,5,0,0,0
20240331,5,80,40,40,60,66,,56,0,0,0,0,9988,60,8,93,,5,0,0,0
20240331,6,70,50,50,80,72,8.0,63,0,2,0,0,9986,60,8,93,2.0,7,0,0,0
20240331,7,80,50,60,80,73,,63,0,9,0,-1,9983,59,8,92,81.0,7,0,1,0
20240331,8,70,50,50,80,78,,70,0,30,9,8,9977,48,8,94,81.0,7,0,1,0
20240331,9,90,60,60,90,91,,79,4,96,0,-1,9976,58,8,92,23.0,7,0,1,0
20240331,10,80,50,50,80,102,,88,0,75,0,0,9970,58,8,91,10.0,7,0,0,0
20240331,11,80,50,50,80,124,,98,3,134,0,0,9966,61,7,84,,5,0,0,0
20240331,12,140,60,70,90,141,69.0,92,7,185,0,0,9963,68,7,72,2.0,7,0,0,0
20240331,13,110,60,50,90,146,,101,1,125,0,0,9953,75,8,74,,5,0,0,0
20240331,14,160,50,60,90,136,,95,0,35,3,5,9953,65,8,76,81.0,7,0,1,0
20240331,15,180,50,50,90,136,,86,0,67,5,1,9949,75,8,71,51.0,7,0,1,0
20240331,16,210,30,30,70,123,,92,0,29,6,2,9946,66,8,81,81.0,7,0,1,0
20240331,17,160,20,20,50,111,,94,0,10,10,16,9944,63,8,89,61.0,7,0,1,0
20240331,18,40,20,20,40,107,104.0,97,0,4,7,7,9935,65,8,93,61.0,7,0,1,0
20240331,19,50,30,30,50,105,,95,0,0,0,-1,9936,65,8,93,23.0,7,0,1,0
20240331,20,70,30,30,60,104,,97,0,0,2,4,9939,59,8,95,81.0,7,0,1,0
20240331,21,110,30,30,50,105,,100,0,0,7,3,9934,50,8,96,23.0,7,0,1,0
20240331,22,120,20,20,80,99,,95,0,0,0,0,9930,50,7,97,10.0,7,0,0,0
20240331,23,150,30,30,40,93,,89,0,0,0,0,9929,29,2,97,10.0,7,0,0,0
20240331,24,160,20,20,40,79,51.0,78,0,0,0,0,9928,7,8,99,34.0,7,1,0,0
